{"cameraMode":{"drawMode":0,"name":"Shaded","section":"Shading Mode"},"sceneLighting":true,"audioPlay":false,"sceneViewState":{"m_AlwaysRefresh":false,"showFog":true,"showSkybox":true,"showFlares":true,"showImageEffects":true,"showParticleSystems":true,"showVisualEffectGraphs":true,"m_FxEnabled":true},"in2DMode":false,"pivot":{"x":-4.845322608947754,"y":1.0454363822937012,"z":-0.08946976065635681},"rotation":{"x":-0.16627874970436097,"y":0.5258305668830872,"z":-0.10566630959510803,"w":-0.8274600505828857},"size":0.8270542621612549,"orthographic":false}